{"cameraMode":{"drawMode":0,"name":"Shaded","section":"Shading Mode"},"sceneLighting":true,"audioPlay":false,"sceneViewState":{"showFog":true,"showMaterialUpdate":false,"showSkybox":true,"showFlares":true,"showImageEffects":true,"showParticleSystems":true},"in2DMode":false,"pivot":{"x":260.841552734375,"y":-91.17498779296875,"z":118.70498657226563},"rotation":{"x":0.04293441027402878,"y":0.9142621755599976,"z":-0.3906230926513672,"w":0.09981191903352738},"size":69.22075653076172,"orthographic":false}